,Gender,Age,Marital Status,Educational Qualification,Type of Firm,Efficiency,Innovativeness,Sustainability,Employee Competencies,Technological Factors,Economic Factors
0,Male,16-25 Years,Single,SSCE,Service Firm,4.333333333333333,4.0,3.0,4.0,4.0,3.6666666666666665
1,Male,16-25 Years,Single,SSCE,Service Firm,4.0,3.6666666666666665,2.6666666666666665,5.0,3.3333333333333335,4.0
2,Male,16-25 Years,Single,HND/B.Sc.,Service Firm,3.6666666666666665,4.666666666666667,4.0,4.333333333333333,2.0,3.6666666666666665
3,Female,26-35 Years,Married,OND/NCE,Wholesale & Retail,3.6666666666666665,4.0,4.0,5.0,2.6666666666666665,4.333333333333333
4,Female,26-35 Years,Married,OND/NCE,Wholesale & Retail,5.0,5.0,5.0,4.666666666666667,5.0,4.666666666666667
5,Male,36-45 Years,Widowed,Ph.D.,Manufacturing Firm,2.6666666666666665,3.333333333333333,4.666666666666667,3.6666666666666665,2.3333333333333335,3.0
6,Female,26-35 Years,Married,OND/NCE,Manufacturing Firm,3.6666666666666665,3.6666666666666665,2.333333333333333,4.333333333333333,3.6666666666666665,3.6666666666666665
7,Male,16-25 Years,Single,HND/B.Sc.,Service Firm,4.0,4.0,4.0,4.333333333333333,2.6666666666666665,3.0
8,Female,16-25 Years,Single,SSCE,Service Firm,4.333333333333333,4.666666666666667,2.0,4.666666666666667,3.6666666666666665,4.666666666666667
9,Female,16-25 Years,Single,SSCE,Wholesale & Retail,4.0,4.0,3.0,4.333333333333333,4.0,3.0
10,Female,16-25 Years,Single,HND/B.Sc.,Wholesale & Retail,4.333333333333333,3.6666666666666665,4.333333333333333,4.333333333333333,2.6666666666666665,4.666666666666667
11,Female,16-25 Years,Single,SSCE,Manufacturing Firm,3.333333333333333,4.333333333333333,4.0,4.666666666666667,2.6666666666666665,3.6666666666666665
12,Female,16-25 Years,Single,SSCE,Wholesale & Retail,5.0,4.0,3.6666666666666665,4.333333333333333,4.666666666666667,5.0
13,Female,16-25 Years,Single,HND/B.Sc.,Wholesale & Retail,4.0,4.0,5.0,4.333333333333333,4.0,3.6666666666666665
14,Female,16-25 Years,Single,HND/B.Sc.,Wholesale & Retail,5.0,3.0,3.0,3.6666666666666665,3.6666666666666665,4.333333333333333
15,Female,16-25 Years,Single,OND/NCE,Manufacturing Firm,4.0,3.333333333333333,2.6666666666666665,4.0,3.6666666666666665,3.6666666666666665
16,Female,16-25 Years,Single,SSCE,Manufacturing Firm,4.333333333333333,4.0,3.333333333333333,4.666666666666667,2.3333333333333335,3.0
17,Male,16-25 Years,Single,SSCE,Wholesale & Retail,4.0,5.0,3.0,4.333333333333333,3.6666666666666665,3.6666666666666665
18,Female,16-25 Years,Single,SSCE,Service Firm,3.6666666666666665,4.333333333333333,2.6666666666666665,5.0,4.0,4.0
19,Female,26-35 Years,Married,HND/B.Sc.,Manufacturing Firm,4.0,4.666666666666667,3.6666666666666665,5.0,3.3333333333333335,3.0
20,Female,16-25 Years,Single,SSCE,Wholesale & Retail,4.333333333333333,4.0,3.333333333333333,5.0,3.0,3.0
21,Female,16-25 Years,Single,SSCE,Wholesale & Retail,4.666666666666667,5.0,4.0,5.0,3.6666666666666665,3.0
22,Male,16-25 Years,Single,SSCE,Service Firm,4.333333333333333,4.666666666666667,3.6666666666666665,5.0,4.0,4.0
23,Male,16-25 Years,Single,SSCE,Wholesale & Retail,4.333333333333333,4.666666666666667,2.6666666666666665,5.0,3.3333333333333335,4.333333333333333
24,Female,26-35 Years,Married,MBA/M.Sc.,Manufacturing Firm,3.333333333333333,4.333333333333333,4.666666666666667,5.0,2.6666666666666665,3.6666666666666665
25,Male,26-35 Years,Married,OND/NCE,Wholesale & Retail,4.333333333333333,4.333333333333333,2.333333333333333,4.666666666666667,2.3333333333333335,3.0
26,Female,16-25 Years,Single,SSCE,Wholesale & Retail,4.333333333333333,4.333333333333333,5.0,4.333333333333333,3.3333333333333335,4.0
27,Female,16-25 Years,Single,OND/NCE,Service Firm,3.6666666666666665,4.666666666666667,3.6666666666666665,4.0,4.666666666666667,2.3333333333333335
28,Female,16-25 Years,Single,OND/NCE,Wholesale & Retail,4.0,5.0,4.0,4.666666666666667,3.3333333333333335,2.0
29,Female,36-45 Years,Single,HND/B.Sc.,Service Firm,4.666666666666667,4.666666666666667,3.0,4.333333333333333,3.6666666666666665,3.6666666666666665
30,Male,16-25 Years,Single,SSCE,Manufacturing Firm,3.333333333333333,4.0,3.6666666666666665,4.0,3.6666666666666665,3.6666666666666665
31,Male,16-25 Years,Single,SSCE,Service Firm,3.333333333333333,4.666666666666667,2.0,5.0,2.0,3.3333333333333335
32,Female,16-25 Years,Single,OND/NCE,Service Firm,4.0,4.666666666666667,2.333333333333333,4.333333333333333,3.3333333333333335,3.0
33,Male,16-25 Years,Single,HND/B.Sc.,Wholesale & Retail,3.6666666666666665,3.6666666666666665,4.666666666666667,4.333333333333333,4.0,4.333333333333333
34,Male,16-25 Years,Single,HND/B.Sc.,Service Firm,4.0,3.6666666666666665,3.0,4.333333333333333,3.3333333333333335,3.0
35,Male,26-35 Years,Married,OND/NCE,Wholesale & Retail,3.6666666666666665,4.666666666666667,5.0,4.666666666666667,4.0,3.3333333333333335
36,Male,16-25 Years,Single,HND/B.Sc.,Manufacturing Firm,4.0,4.333333333333333,3.333333333333333,4.333333333333333,2.3333333333333335,3.6666666666666665
37,Female,16-25 Years,Single,HND/B.Sc.,Manufacturing Firm,4.0,4.0,3.333333333333333,4.333333333333333,3.0,3.3333333333333335
38,Female,16-25 Years,Single,OND/NCE,Service Firm,4.0,4.0,4.0,4.333333333333333,3.3333333333333335,2.6666666666666665
39,Male,16-25 Years,Single,HND/B.Sc.,Service Firm,3.333333333333333,4.0,3.6666666666666665,4.333333333333333,4.0,3.6666666666666665
40,Male,16-25 Years,Single,HND/B.Sc.,Manufacturing Firm,3.6666666666666665,3.6666666666666665,1.6666666666666667,4.0,3.6666666666666665,3.6666666666666665
41,Male,16-25 Years,Single,SSCE,Service Firm,4.333333333333333,5.0,2.6666666666666665,4.333333333333333,3.0,4.0
42,Male,16-25 Years,Single,SSCE,Service Firm,4.333333333333333,5.0,2.6666666666666665,4.333333333333333,3.0,4.0
43,Male,16-25 Years,Single,SSCE,Service Firm,4.0,3.6666666666666665,3.333333333333333,4.333333333333333,2.6666666666666665,3.6666666666666665
44,Female,16-25 Years,Single,SSCE,Wholesale & Retail,4.0,4.666666666666667,3.0,4.333333333333333,3.3333333333333335,3.3333333333333335
45,Male,16-25 Years,Single,SSCE,Wholesale & Retail,4.666666666666667,3.0,3.0,3.6666666666666665,3.6666666666666665,4.0
46,Male,16-25 Years,Single,SSCE,Manufacturing Firm,4.333333333333333,4.0,4.0,4.666666666666667,3.3333333333333335,4.0
47,Female,16-25 Years,Single,HND/B.Sc.,Service Firm,2.0,2.0,2.0,4.666666666666667,4.666666666666667,4.0
48,Female,16-25 Years,Single,SSCE,Service Firm,3.333333333333333,5.0,2.0,4.333333333333333,3.0,3.6666666666666665
49,Female,16-25 Years,Single,HND/B.Sc.,Wholesale & Retail,4.0,4.0,3.333333333333333,4.0,2.3333333333333335,3.0
50,Female,16-25 Years,Single,HND/B.Sc.,Manufacturing Firm,3.0,2.333333333333333,4.0,4.333333333333333,3.6666666666666665,2.3333333333333335
51,Female,16-25 Years,Single,SSCE,Manufacturing Firm,5.0,5.0,3.0,5.0,3.0,5.0
52,Female,26-35 Years,Married,HND/B.Sc.,Service Firm,5.0,4.0,5.0,5.0,3.0,3.0
53,Male,36-45 Years,Married,MBA/M.Sc.,Wholesale & Retail,4.666666666666667,3.6666666666666665,3.0,5.0,2.0,2.6666666666666665
54,Female,36-45 Years,Married,Ph.D.,Manufacturing Firm,4.666666666666667,5.0,4.0,5.0,3.6666666666666665,3.3333333333333335
55,Male,16-25 Years,Married,MBA/M.Sc.,Manufacturing Firm,5.0,4.0,3.0,4.333333333333333,2.3333333333333335,3.6666666666666665
56,Male,26-35 Years,Single,HND/B.Sc.,Service Firm,4.333333333333333,5.0,2.6666666666666665,5.0,2.0,3.0
57,Male,26-35 Years,Married,MBA/M.Sc.,Wholesale & Retail,4.0,5.0,3.6666666666666665,5.0,3.0,2.3333333333333335
58,Female,26-35 Years,Married,MBA/M.Sc.,Manufacturing Firm,5.0,5.0,3.0,5.0,4.0,2.6666666666666665
59,Female,46 Years above,Widowed,MBA/M.Sc.,Wholesale & Retail,5.0,5.0,4.0,5.0,3.6666666666666665,3.3333333333333335
60,Male,46 Years above,Widowed,Ph.D.,Service Firm,5.0,5.0,4.0,5.0,4.0,4.0
61,Male,16-25 Years,Single,SSCE,Service Firm,2.6666666666666665,3.6666666666666665,2.0,4.0,2.3333333333333335,3.0
62,Male,16-25 Years,Single,HND/B.Sc.,Wholesale & Retail,2.6666666666666665,3.6666666666666665,2.0,4.0,2.3333333333333335,3.0
63,Female,16-25 Years,Single,HND/B.Sc.,Service Firm,3.333333333333333,3.6666666666666665,3.333333333333333,4.0,4.0,3.6666666666666665
64,Female,16-25 Years,Single,HND/B.Sc.,Service Firm,3.6666666666666665,4.0,3.333333333333333,4.0,2.3333333333333335,2.0
65,Male,16-25 Years,Single,HND/B.Sc.,Service Firm,2.6666666666666665,4.0,4.0,4.0,3.3333333333333335,2.0
66,Female,16-25 Years,Single,HND/B.Sc.,Service Firm,3.333333333333333,4.0,3.6666666666666665,4.0,3.6666666666666665,2.0
67,Female,16-25 Years,Single,HND/B.Sc.,Wholesale & Retail,2.6666666666666665,3.333333333333333,4.0,4.0,3.0,2.6666666666666665
68,Male,16-25 Years,Single,HND/B.Sc.,Manufacturing Firm,3.333333333333333,4.0,3.333333333333333,4.0,2.0,2.0
69,Male,16-25 Years,Single,SSCE,Manufacturing Firm,3.6666666666666665,3.0,3.6666666666666665,3.3333333333333335,2.6666666666666665,2.0
70,Male,16-25 Years,Single,SSCE,Manufacturing Firm,3.0,4.0,4.0,4.0,3.0,1.3333333333333333
71,Female,16-25 Years,Single,SSCE,Manufacturing Firm,5.0,5.0,5.0,5.0,3.3333333333333335,4.0
72,Male,16-25 Years,Single,HND/B.Sc.,Manufacturing Firm,4.0,4.333333333333333,2.333333333333333,4.333333333333333,3.0,3.6666666666666665
73,Male,26-35 Years,Single,OND/NCE,Manufacturing Firm,4.0,3.0,2.333333333333333,4.333333333333333,3.0,3.6666666666666665
74,Female,16-25 Years,Single,HND/B.Sc.,Service Firm,5.0,4.666666666666667,4.666666666666667,5.0,4.0,4.0
75,Male,16-25 Years,Single,HND/B.Sc.,Manufacturing Firm,4.666666666666667,4.0,3.333333333333333,4.333333333333333,4.333333333333333,3.6666666666666665
76,Male,26-35 Years,Married,HND/B.Sc.,Service Firm,4.333333333333333,4.333333333333333,4.333333333333333,5.0,3.6666666666666665,3.0
77,Female,26-35 Years,Married,HND/B.Sc.,Wholesale & Retail,4.666666666666667,4.333333333333333,4.0,4.333333333333333,1.3333333333333333,3.0
78,Female,36-45 Years,Married,HND/B.Sc.,Manufacturing Firm,4.0,4.0,4.0,4.0,4.0,4.0
79,Female,26-35 Years,Married,HND/B.Sc.,Manufacturing Firm,4.0,4.333333333333333,4.0,4.333333333333333,3.6666666666666665,4.666666666666667
80,Female,16-25 Years,Single,OND/NCE,Service Firm,3.333333333333333,4.666666666666667,2.0,4.0,3.3333333333333335,2.6666666666666665
81,Male,16-25 Years,Single,SSCE,Service Firm,3.333333333333333,4.333333333333333,2.6666666666666665,3.6666666666666665,4.333333333333333,4.0
82,Male,16-25 Years,Single,OND/NCE,Wholesale & Retail,4.666666666666667,4.333333333333333,4.0,4.0,4.333333333333333,4.333333333333333
83,Male,26-35 Years,Widowed,HND/B.Sc.,Service Firm,4.0,2.6666666666666665,4.0,4.0,4.333333333333333,2.6666666666666665
84,Male,16-25 Years,Single,SSCE,Wholesale & Retail,4.333333333333333,4.0,3.0,4.333333333333333,4.0,3.0
85,Male,16-25 Years,Single,SSCE,Wholesale & Retail,4.333333333333333,4.0,3.0,4.0,4.0,3.0
86,Male,16-25 Years,Single,OND/NCE,Wholesale & Retail,4.666666666666667,5.0,2.0,4.333333333333333,3.3333333333333335,4.333333333333333
87,Male,16-25 Years,Single,SSCE,Wholesale & Retail,4.666666666666667,4.666666666666667,4.0,3.6666666666666665,3.0,2.3333333333333335
88,Male,16-25 Years,Single,SSCE,Wholesale & Retail,4.666666666666667,4.666666666666667,4.0,3.6666666666666665,3.0,2.3333333333333335
89,Male,16-25 Years,Single,HND/B.Sc.,Wholesale & Retail,4.0,4.333333333333333,3.0,4.666666666666667,2.6666666666666665,4.666666666666667
90,Female,16-25 Years,Married,HND/B.Sc.,Wholesale & Retail,4.0,4.0,2.0,4.0,2.6666666666666665,4.0
91,Female,16-25 Years,Single,HND/B.Sc.,Service Firm,3.333333333333333,4.333333333333333,4.0,4.333333333333333,3.3333333333333335,3.3333333333333335
92,Female,36-45 Years,Married,Ph.D.,Manufacturing Firm,3.333333333333333,4.666666666666667,3.6666666666666665,3.3333333333333335,4.666666666666667,4.0
93,Male,26-35 Years,Married,MBA/M.Sc.,Service Firm,3.333333333333333,2.0,3.333333333333333,3.6666666666666665,3.6666666666666665,3.0
94,Female,26-35 Years,Single,OND/NCE,Wholesale & Retail,3.6666666666666665,3.6666666666666665,2.333333333333333,3.3333333333333335,3.6666666666666665,3.0
95,Female,26-35 Years,Married,MBA/M.Sc.,Service Firm,2.6666666666666665,3.0,4.0,4.666666666666667,4.0,3.6666666666666665
96,Male,36-45 Years,Married,Ph.D.,Service Firm,4.666666666666667,4.0,3.6666666666666665,4.333333333333333,3.0,3.6666666666666665
97,Male,46 Years above,Married,HND/B.Sc.,Manufacturing Firm,4.666666666666667,4.0,4.666666666666667,4.0,4.0,3.3333333333333335
98,Female,36-45 Years,Married,MBA/M.Sc.,Wholesale & Retail,4.0,4.333333333333333,4.333333333333333,4.666666666666667,4.666666666666667,4.666666666666667
99,Male,46 Years above,Married,OND/NCE,Service Firm,4.666666666666667,3.6666666666666665,5.0,4.666666666666667,5.0,4.0
100,Male,46 Years above,Married,Ph.D.,Service Firm,4.666666666666667,4.666666666666667,4.666666666666667,3.3333333333333335,4.333333333333333,4.666666666666667
101,Female,36-45 Years,Married,OND/NCE,Wholesale & Retail,3.333333333333333,4.666666666666667,4.333333333333333,4.333333333333333,4.666666666666667,4.666666666666667
102,Female,26-35 Years,Married,MBA/M.Sc.,Wholesale & Retail,3.6666666666666665,4.666666666666667,3.6666666666666665,4.0,4.333333333333333,4.333333333333333
103,Female,36-45 Years,Married,Ph.D.,Wholesale & Retail,4.666666666666667,3.6666666666666665,4.333333333333333,4.666666666666667,4.666666666666667,3.6666666666666665
104,Male,26-35 Years,Single,MBA/M.Sc.,Wholesale & Retail,4.666666666666667,4.0,2.333333333333333,4.0,4.333333333333333,3.3333333333333335
105,Female,26-35 Years,Married,MBA/M.Sc.,Wholesale & Retail,3.333333333333333,4.333333333333333,5.0,4.333333333333333,3.0,4.333333333333333
106,Female,46 Years above,Married,MBA/M.Sc.,Service Firm,4.0,4.0,4.0,4.333333333333333,3.0,4.666666666666667
107,Female,36-45 Years,Married,HND/B.Sc.,Service Firm,5.0,4.333333333333333,1.0,4.333333333333333,4.666666666666667,4.0
108,Female,36-45 Years,Married,HND/B.Sc.,Manufacturing Firm,4.0,4.333333333333333,3.333333333333333,4.0,2.6666666666666665,3.3333333333333335
109,Male,26-35 Years,Single,OND/NCE,Manufacturing Firm,4.333333333333333,4.666666666666667,3.6666666666666665,4.666666666666667,4.0,4.0
110,Female,36-45 Years,Married,HND/B.Sc.,Service Firm,5.0,5.0,3.6666666666666665,4.0,2.3333333333333335,3.6666666666666665
111,Female,36-45 Years,Married,SSCE,Service Firm,3.6666666666666665,4.0,2.0,4.0,4.0,4.0
112,Female,36-45 Years,Married,MBA/M.Sc.,Service Firm,5.0,5.0,3.0,4.666666666666667,2.3333333333333335,3.6666666666666665
113,Male,16-25 Years,Single,HND/B.Sc.,Wholesale & Retail,4.333333333333333,4.666666666666667,3.6666666666666665,4.333333333333333,4.0,4.0
114,Male,26-35 Years,Single,HND/B.Sc.,Service Firm,3.333333333333333,5.0,2.0,4.666666666666667,3.6666666666666665,4.0
115,Female,36-45 Years,Married,HND/B.Sc.,Wholesale & Retail,5.0,4.666666666666667,1.0,4.666666666666667,3.0,4.333333333333333
116,Female,26-35 Years,Married,OND/NCE,Service Firm,3.6666666666666665,4.666666666666667,1.0,4.333333333333333,4.0,2.6666666666666665
117,Female,26-35 Years,Married,HND/B.Sc.,Wholesale & Retail,4.666666666666667,4.666666666666667,3.333333333333333,4.666666666666667,3.0,3.6666666666666665
118,Female,26-35 Years,Married,HND/B.Sc.,Wholesale & Retail,4.0,5.0,3.333333333333333,4.666666666666667,3.3333333333333335,4.0
119,Female,36-45 Years,Married,HND/B.Sc.,Service Firm,5.0,4.0,2.6666666666666665,4.666666666666667,4.0,5.0
120,Female,36-45 Years,Single,OND/NCE,Service Firm,4.666666666666667,4.0,3.333333333333333,4.666666666666667,3.6666666666666665,2.0
121,Female,36-45 Years,Married,HND/B.Sc.,Service Firm,4.333333333333333,4.0,1.3333333333333333,4.666666666666667,3.3333333333333335,3.6666666666666665
122,Female,36-45 Years,Married,HND/B.Sc.,Service Firm,4.0,4.0,2.6666666666666665,4.0,2.6666666666666665,1.6666666666666667
123,Female,36-45 Years,Married,HND/B.Sc.,Wholesale & Retail,4.333333333333333,4.666666666666667,2.0,4.333333333333333,1.0,3.6666666666666665
124,Male,26-35 Years,Married,HND/B.Sc.,Wholesale & Retail,4.0,4.0,2.6666666666666665,2.6666666666666665,4.333333333333333,5.0
125,Female,36-45 Years,Married,OND/NCE,Service Firm,4.0,4.666666666666667,2.0,4.333333333333333,3.6666666666666665,4.333333333333333
126,Female,36-45 Years,Married,HND/B.Sc.,Service Firm,4.0,4.333333333333333,2.333333333333333,4.0,4.666666666666667,4.333333333333333
127,Female,36-45 Years,Married,HND/B.Sc.,Service Firm,4.333333333333333,3.6666666666666665,3.333333333333333,3.6666666666666665,3.3333333333333335,4.333333333333333
128,Female,26-35 Years,Single,MBA/M.Sc.,Wholesale & Retail,4.333333333333333,4.666666666666667,2.333333333333333,4.333333333333333,2.6666666666666665,4.0
129,Male,16-25 Years,Single,HND/B.Sc.,Wholesale & Retail,4.0,4.333333333333333,4.666666666666667,4.666666666666667,4.333333333333333,3.6666666666666665
130,Male,26-35 Years,Single,HND/B.Sc.,Manufacturing Firm,5.0,5.0,3.6666666666666665,5.0,2.3333333333333335,3.6666666666666665
131,Male,16-25 Years,Single,OND/NCE,Wholesale & Retail,5.0,4.666666666666667,1.3333333333333333,5.0,4.0,5.0
132,Male,26-35 Years,Married,OND/NCE,Wholesale & Retail,4.333333333333333,4.666666666666667,1.6666666666666667,5.0,4.0,4.0
133,Male,36-45 Years,Single,OND/NCE,Wholesale & Retail,5.0,5.0,1.6666666666666667,4.666666666666667,3.0,5.0
134,Male,26-35 Years,Single,OND/NCE,Wholesale & Retail,5.0,5.0,2.0,5.0,4.666666666666667,4.666666666666667
135,Female,26-35 Years,Single,OND/NCE,Wholesale & Retail,5.0,4.666666666666667,1.6666666666666667,4.666666666666667,3.0,4.666666666666667
136,Male,16-25 Years,Single,SSCE,Wholesale & Retail,4.666666666666667,5.0,1.0,5.0,2.6666666666666665,3.6666666666666665
137,Male,26-35 Years,Single,SSCE,Service Firm,4.666666666666667,5.0,1.6666666666666667,5.0,4.0,3.6666666666666665
138,Female,16-25 Years,Single,SSCE,Service Firm,4.666666666666667,4.666666666666667,1.6666666666666667,4.666666666666667,3.6666666666666665,4.0
139,Female,46 Years above,Married,HND/B.Sc.,Manufacturing Firm,4.666666666666667,5.0,2.333333333333333,4.333333333333333,3.3333333333333335,5.0
140,Male,16-25 Years,Single,SSCE,Manufacturing Firm,4.0,4.0,4.0,4.666666666666667,3.0,4.0
141,Male,26-35 Years,Single,OND/NCE,Wholesale & Retail,5.0,4.666666666666667,2.0,5.0,4.0,4.0
142,Male,26-35 Years,Single,OND/NCE,Manufacturing Firm,5.0,4.666666666666667,2.6666666666666665,4.666666666666667,2.6666666666666665,4.0
143,Male,16-25 Years,Single,SSCE,Manufacturing Firm,4.0,4.0,4.0,5.0,2.6666666666666665,4.0
144,Male,46 Years above,Married,SSCE,Wholesale & Retail,3.6666666666666665,4.666666666666667,3.0,4.666666666666667,4.0,4.333333333333333
145,Male,16-25 Years,Single,SSCE,Manufacturing Firm,4.0,4.0,4.0,5.0,4.0,4.0
146,Female,36-45 Years,Married,SSCE,Manufacturing Firm,4.333333333333333,5.0,3.333333333333333,5.0,3.6666666666666665,4.666666666666667
147,Female,36-45 Years,Married,OND/NCE,Wholesale & Retail,3.6666666666666665,2.0,4.333333333333333,4.666666666666667,3.0,3.6666666666666665
148,Female,46 Years above,Married,SSCE,Service Firm,5.0,5.0,2.0,4.666666666666667,3.6666666666666665,5.0
149,Female,16-25 Years,Married,SSCE,Service Firm,4.666666666666667,5.0,2.333333333333333,5.0,4.333333333333333,4.0
150,Male,16-25 Years,Single,SSCE,Manufacturing Firm,4.0,4.0,4.0,5.0,4.0,4.0
151,Male,26-35 Years,Married,SSCE,Service Firm,4.666666666666667,5.0,2.333333333333333,5.0,3.6666666666666665,4.333333333333333
152,Female,26-35 Years,Married,SSCE,Service Firm,5.0,5.0,2.0,5.0,3.0,4.666666666666667
153,Male,46 Years above,Married,HND/B.Sc.,Service Firm,5.0,5.0,1.3333333333333333,4.666666666666667,4.0,4.333333333333333
154,Female,26-35 Years,Married,SSCE,Wholesale & Retail,5.0,4.333333333333333,1.3333333333333333,5.0,2.6666666666666665,4.333333333333333
155,Male,16-25 Years,Single,OND/NCE,Manufacturing Firm,5.0,5.0,1.0,4.666666666666667,3.0,5.0
156,Male,26-35 Years,Married,SSCE,Service Firm,5.0,5.0,1.0,5.0,3.0,5.0
157,Female,46 Years above,Married,OND/NCE,Wholesale & Retail,4.666666666666667,5.0,1.0,5.0,3.0,5.0
158,Female,26-35 Years,Single,HND/B.Sc.,Manufacturing Firm,3.6666666666666665,3.6666666666666665,2.6666666666666665,4.333333333333333,3.0,4.0
159,Male,26-35 Years,Single,HND/B.Sc.,Manufacturing Firm,3.6666666666666665,3.6666666666666665,2.6666666666666665,4.333333333333333,1.0,4.0
160,Male,26-35 Years,Single,SSCE,Wholesale & Retail,5.0,5.0,1.0,5.0,3.0,5.0
161,Female,46 Years above,Married,SSCE,Wholesale & Retail,4.666666666666667,5.0,1.0,5.0,3.6666666666666665,5.0
162,Female,36-45 Years,Married,OND/NCE,Manufacturing Firm,5.0,5.0,1.0,5.0,5.0,5.0
163,Male,36-45 Years,Married,SSCE,Wholesale & Retail,5.0,5.0,2.0,4.666666666666667,4.0,5.0
164,Female,36-45 Years,Married,SSCE,Wholesale & Retail,5.0,5.0,2.0,4.666666666666667,3.0,4.0
165,Female,36-45 Years,Married,SSCE,Wholesale & Retail,4.666666666666667,4.333333333333333,1.0,4.666666666666667,2.3333333333333335,3.6666666666666665
166,Male,16-25 Years,Single,SSCE,Manufacturing Firm,5.0,5.0,1.6666666666666667,4.333333333333333,2.6666666666666665,3.6666666666666665
167,Male,16-25 Years,Single,SSCE,Service Firm,3.6666666666666665,3.333333333333333,1.0,5.0,3.0,3.3333333333333335
168,Male,16-25 Years,Married,SSCE,Wholesale & Retail,5.0,5.0,2.0,5.0,2.6666666666666665,3.6666666666666665
169,Male,36-45 Years,Married,MBA/M.Sc.,Wholesale & Retail,3.6666666666666665,4.333333333333333,2.6666666666666665,4.666666666666667,4.0,4.666666666666667
170,Male,16-25 Years,Married,Ph.D.,Manufacturing Firm,3.333333333333333,4.0,1.6666666666666667,5.0,3.6666666666666665,4.666666666666667
171,Male,26-35 Years,Married,SSCE,Service Firm,5.0,5.0,3.333333333333333,4.666666666666667,3.0,4.0
172,Male,16-25 Years,Married,OND/NCE,Wholesale & Retail,5.0,4.0,3.0,5.0,4.0,4.0
173,Male,26-35 Years,Married,OND/NCE,Service Firm,5.0,5.0,2.333333333333333,4.666666666666667,3.0,4.0
174,Female,26-35 Years,Single,HND/B.Sc.,Wholesale & Retail,5.0,4.0,2.6666666666666665,4.666666666666667,3.6666666666666665,3.6666666666666665
175,Female,26-35 Years,Single,HND/B.Sc.,Wholesale & Retail,4.666666666666667,4.666666666666667,4.333333333333333,4.666666666666667,4.666666666666667,4.0
176,Male,36-45 Years,Married,HND/B.Sc.,Wholesale & Retail,5.0,5.0,4.666666666666667,5.0,3.0,3.6666666666666665
177,Male,36-45 Years,Married,MBA/M.Sc.,Service Firm,5.0,5.0,4.666666666666667,5.0,3.0,4.333333333333333
178,Male,16-25 Years,Single,SSCE,Manufacturing Firm,4.0,4.0,1.3333333333333333,5.0,1.3333333333333333,4.0
179,Male,46 Years above,Married,SSCE,Service Firm,4.0,4.666666666666667,2.333333333333333,4.333333333333333,3.3333333333333335,4.333333333333333
180,Female,16-25 Years,Married,MBA/M.Sc.,Manufacturing Firm,4.0,5.0,5.0,4.666666666666667,3.3333333333333335,3.6666666666666665
181,Female,16-25 Years,Married,SSCE,Service Firm,4.0,5.0,5.0,4.666666666666667,4.0,3.6666666666666665
182,Female,16-25 Years,Single,HND/B.Sc.,Wholesale & Retail,4.0,5.0,4.0,5.0,1.0,4.0
183,Female,26-35 Years,Married,MBA/M.Sc.,Manufacturing Firm,4.666666666666667,5.0,4.0,4.666666666666667,4.333333333333333,4.0
184,Female,26-35 Years,Married,HND/B.Sc.,Wholesale & Retail,3.333333333333333,4.333333333333333,3.333333333333333,3.6666666666666665,3.0,3.3333333333333335
185,Female,16-25 Years,Single,HND/B.Sc.,Wholesale & Retail,4.0,4.333333333333333,3.333333333333333,4.0,3.0,3.0
186,Male,26-35 Years,Single,SSCE,Wholesale & Retail,4.0,4.0,4.0,5.0,4.333333333333333,4.666666666666667
187,Male,16-25 Years,Single,SSCE,Service Firm,4.333333333333333,4.333333333333333,4.0,4.666666666666667,4.333333333333333,4.333333333333333
188,Female,36-45 Years,Single,HND/B.Sc.,Wholesale & Retail,4.333333333333333,5.0,4.333333333333333,5.0,4.0,4.666666666666667
189,Female,16-25 Years,Single,SSCE,Wholesale & Retail,4.333333333333333,4.0,2.0,5.0,2.6666666666666665,2.0
190,Female,16-25 Years,Single,HND/B.Sc.,Wholesale & Retail,4.333333333333333,4.0,2.0,5.0,2.6666666666666665,2.0
191,Female,16-25 Years,Single,HND/B.Sc.,Manufacturing Firm,4.666666666666667,4.333333333333333,3.6666666666666665,5.0,3.0,4.333333333333333
192,Male,46 Years above,Married,Ph.D.,Manufacturing Firm,4.333333333333333,4.333333333333333,3.6666666666666665,4.666666666666667,4.0,3.3333333333333335
193,Male,26-35 Years,Married,MBA/M.Sc.,Service Firm,4.0,4.0,3.6666666666666665,4.333333333333333,3.3333333333333335,3.3333333333333335
194,Male,26-35 Years,Single,HND/B.Sc.,Manufacturing Firm,4.666666666666667,5.0,3.6666666666666665,5.0,3.0,3.6666666666666665
195,Female,16-25 Years,Single,HND/B.Sc.,Wholesale & Retail,5.0,5.0,4.666666666666667,4.666666666666667,3.6666666666666665,4.0
196,Female,16-25 Years,Single,HND/B.Sc.,Wholesale & Retail,4.333333333333333,4.666666666666667,1.0,5.0,3.6666666666666665,4.0
197,Male,26-35 Years,Married,MBA/M.Sc.,Service Firm,4.0,4.0,2.0,5.0,1.0,2.6666666666666665
198,Female,16-25 Years,Single,HND/B.Sc.,Wholesale & Retail,4.0,4.666666666666667,1.3333333333333333,4.666666666666667,2.3333333333333335,4.0
199,Female,46 Years above,Married,HND/B.Sc.,Service Firm,4.333333333333333,4.666666666666667,1.6666666666666667,4.666666666666667,5.0,4.666666666666667
200,Male,36-45 Years,Married,HND/B.Sc.,Manufacturing Firm,4.333333333333333,5.0,1.3333333333333333,4.333333333333333,4.0,4.333333333333333
201,Female,16-25 Years,Single,HND/B.Sc.,Wholesale & Retail,4.666666666666667,4.666666666666667,4.666666666666667,4.666666666666667,4.333333333333333,4.0
202,Female,26-35 Years,Married,HND/B.Sc.,Wholesale & Retail,5.0,5.0,4.333333333333333,4.666666666666667,3.3333333333333335,5.0
203,Female,36-45 Years,Married,HND/B.Sc.,Manufacturing Firm,5.0,5.0,4.0,5.0,4.666666666666667,4.0
204,Male,26-35 Years,Married,SSCE,Manufacturing Firm,4.0,4.0,2.6666666666666665,4.333333333333333,2.6666666666666665,4.333333333333333
205,Female,16-25 Years,Single,SSCE,Wholesale & Retail,3.333333333333333,4.666666666666667,3.333333333333333,4.666666666666667,4.333333333333333,4.333333333333333
206,Male,16-25 Years,Single,SSCE,Manufacturing Firm,2.6666666666666665,4.0,3.6666666666666665,4.0,2.6666666666666665,4.0
207,Male,26-35 Years,Single,HND/B.Sc.,Service Firm,2.6666666666666665,4.666666666666667,3.333333333333333,4.333333333333333,2.6666666666666665,3.6666666666666665
208,Female,16-25 Years,Married,OND/NCE,Wholesale & Retail,4.333333333333333,3.6666666666666665,2.333333333333333,4.333333333333333,2.6666666666666665,3.6666666666666665
209,Female,26-35 Years,Married,HND/B.Sc.,Manufacturing Firm,4.333333333333333,5.0,3.333333333333333,4.0,3.6666666666666665,4.666666666666667
210,Female,36-45 Years,Married,SSCE,Wholesale & Retail,5.0,4.333333333333333,3.0,5.0,4.666666666666667,2.6666666666666665
211,Female,36-45 Years,Married,SSCE,Wholesale & Retail,4.333333333333333,4.666666666666667,1.6666666666666667,4.333333333333333,3.0,4.666666666666667
212,Male,16-25 Years,Single,SSCE,Service Firm,5.0,3.6666666666666665,1.6666666666666667,4.666666666666667,2.0,5.0
213,Male,16-25 Years,Single,SSCE,Wholesale & Retail,4.0,4.0,1.0,4.666666666666667,4.0,4.666666666666667
214,Male,36-45 Years,Widowed,SSCE,Manufacturing Firm,4.0,3.0,1.0,4.666666666666667,3.3333333333333335,3.3333333333333335
215,Female,16-25 Years,Single,OND/NCE,Manufacturing Firm,3.6666666666666665,4.333333333333333,4.333333333333333,4.666666666666667,4.0,3.6666666666666665
216,Male,16-25 Years,Single,SSCE,Service Firm,3.0,4.666666666666667,4.333333333333333,4.666666666666667,3.6666666666666665,4.0
217,Male,16-25 Years,Single,OND/NCE,Wholesale & Retail,5.0,4.666666666666667,4.333333333333333,4.333333333333333,3.0,4.333333333333333
218,Male,26-35 Years,Married,OND/NCE,Wholesale & Retail,5.0,5.0,1.0,4.666666666666667,4.666666666666667,4.666666666666667
219,Female,16-25 Years,Single,SSCE,Wholesale & Retail,5.0,4.666666666666667,1.0,4.666666666666667,4.333333333333333,4.666666666666667
220,Male,36-45 Years,Married,HND/B.Sc.,Manufacturing Firm,4.666666666666667,4.666666666666667,1.3333333333333333,5.0,4.666666666666667,4.333333333333333
221,Male,36-45 Years,Single,OND/NCE,Service Firm,5.0,5.0,1.3333333333333333,4.666666666666667,3.3333333333333335,4.666666666666667
222,Male,16-25 Years,Single,SSCE,Service Firm,5.0,4.666666666666667,2.0,5.0,3.6666666666666665,4.666666666666667
223,Female,26-35 Years,Single,SSCE,Wholesale & Retail,4.333333333333333,5.0,1.6666666666666667,4.666666666666667,4.0,3.6666666666666665
224,Female,26-35 Years,Married,SSCE,Wholesale & Retail,4.666666666666667,4.333333333333333,1.3333333333333333,4.666666666666667,4.0,3.3333333333333335
225,Female,36-45 Years,Married,SSCE,Wholesale & Retail,4.666666666666667,4.0,1.0,5.0,4.0,4.666666666666667
226,Male,16-25 Years,Married,HND/B.Sc.,Service Firm,5.0,4.666666666666667,2.6666666666666665,4.666666666666667,4.333333333333333,4.333333333333333
227,Male,36-45 Years,Married,OND/NCE,Wholesale & Retail,5.0,4.666666666666667,1.6666666666666667,4.666666666666667,4.333333333333333,4.0
228,Female,26-35 Years,Married,SSCE,Wholesale & Retail,4.666666666666667,4.0,1.3333333333333333,5.0,4.666666666666667,3.3333333333333335
229,Male,16-25 Years,Single,OND/NCE,Wholesale & Retail,5.0,5.0,2.0,4.666666666666667,2.6666666666666665,4.333333333333333
230,Female,26-35 Years,Married,SSCE,Wholesale & Retail,5.0,4.333333333333333,1.6666666666666667,4.666666666666667,4.0,4.333333333333333
231,Male,26-35 Years,Single,SSCE,Wholesale & Retail,4.666666666666667,5.0,1.6666666666666667,5.0,3.3333333333333335,4.0
232,Female,26-35 Years,Married,SSCE,Wholesale & Retail,5.0,4.666666666666667,1.6666666666666667,5.0,4.0,4.0
233,Female,16-25 Years,Single,HND/B.Sc.,Service Firm,4.666666666666667,4.666666666666667,4.0,5.0,4.0,4.333333333333333
234,Female,26-35 Years,Married,SSCE,Manufacturing Firm,5.0,4.666666666666667,1.0,4.666666666666667,4.333333333333333,4.0
235,Female,36-45 Years,Married,MBA/M.Sc.,Manufacturing Firm,5.0,4.666666666666667,1.6666666666666667,5.0,3.6666666666666665,4.333333333333333
236,Female,36-45 Years,Married,HND/B.Sc.,Manufacturing Firm,4.0,4.666666666666667,2.333333333333333,4.333333333333333,4.333333333333333,4.0
237,Male,46 Years above,Married,HND/B.Sc.,Manufacturing Firm,5.0,5.0,2.0,4.333333333333333,4.0,4.666666666666667
238,Female,36-45 Years,Married,OND/NCE,Wholesale & Retail,4.0,4.333333333333333,2.333333333333333,4.0,4.0,3.6666666666666665
239,Male,46 Years above,Married,HND/B.Sc.,Wholesale & Retail,5.0,3.6666666666666665,2.0,4.0,4.666666666666667,4.666666666666667
240,Male,36-45 Years,Married,OND/NCE,Manufacturing Firm,4.333333333333333,5.0,1.6666666666666667,4.666666666666667,4.0,4.333333333333333
241,Male,46 Years above,Married,HND/B.Sc.,Manufacturing Firm,5.0,4.666666666666667,2.0,5.0,4.333333333333333,3.6666666666666665
242,Male,26-35 Years,Single,SSCE,Wholesale & Retail,4.333333333333333,5.0,2.333333333333333,4.333333333333333,4.0,4.333333333333333
243,Male,46 Years above,Married,SSCE,Service Firm,4.0,4.333333333333333,1.3333333333333333,4.666666666666667,4.333333333333333,4.333333333333333
244,Female,36-45 Years,Married,SSCE,Wholesale & Retail,3.333333333333333,5.0,3.6666666666666665,4.666666666666667,3.6666666666666665,3.3333333333333335
245,Male,16-25 Years,Single,SSCE,Service Firm,3.6666666666666665,4.0,1.6666666666666667,4.666666666666667,4.333333333333333,3.6666666666666665
246,Male,36-45 Years,Married,SSCE,Wholesale & Retail,4.666666666666667,4.333333333333333,1.6666666666666667,4.666666666666667,4.666666666666667,4.666666666666667
247,Male,26-35 Years,Married,SSCE,Service Firm,4.0,5.0,2.0,4.333333333333333,4.333333333333333,3.6666666666666665
248,Male,36-45 Years,Married,OND/NCE,Service Firm,4.666666666666667,5.0,2.0,4.333333333333333,4.666666666666667,3.6666666666666665
249,Male,26-35 Years,Single,HND/B.Sc.,Manufacturing Firm,4.0,4.666666666666667,2.0,5.0,3.3333333333333335,4.666666666666667
250,Female,46 Years above,Married,SSCE,Service Firm,4.666666666666667,4.0,2.0,5.0,3.6666666666666665,4.666666666666667
251,Female,46 Years above,Married,HND/B.Sc.,Manufacturing Firm,5.0,4.666666666666667,1.0,5.0,5.0,4.0
252,Female,16-25 Years,Single,SSCE,Service Firm,5.0,4.666666666666667,2.0,4.666666666666667,4.333333333333333,4.0
253,Female,46 Years above,Married,SSCE,Service Firm,4.333333333333333,4.0,2.0,4.666666666666667,4.666666666666667,4.0
254,Female,16-25 Years,Married,SSCE,Wholesale & Retail,5.0,4.666666666666667,1.6666666666666667,5.0,4.0,3.6666666666666665
255,Male,16-25 Years,Single,SSCE,Service Firm,5.0,5.0,2.6666666666666665,5.0,4.333333333333333,4.666666666666667
256,Male,26-35 Years,Single,OND/NCE,Service Firm,4.666666666666667,4.0,2.6666666666666665,4.0,3.6666666666666665,4.666666666666667
257,Male,26-35 Years,Married,SSCE,Wholesale & Retail,4.666666666666667,4.666666666666667,2.0,5.0,4.0,4.333333333333333
258,Male,26-35 Years,Married,OND/NCE,Manufacturing Firm,5.0,4.666666666666667,1.0,4.666666666666667,4.666666666666667,5.0
259,Male,36-45 Years,Married,HND/B.Sc.,Manufacturing Firm,5.0,5.0,1.6666666666666667,4.666666666666667,3.6666666666666665,3.6666666666666665
260,Male,46 Years above,Married,SSCE,Manufacturing Firm,5.0,4.666666666666667,2.0,4.666666666666667,3.6666666666666665,3.6666666666666665
261,Male,26-35 Years,Single,OND/NCE,Manufacturing Firm,4.0,5.0,2.0,5.0,3.6666666666666665,4.666666666666667
262,Male,36-45 Years,Married,HND/B.Sc.,Manufacturing Firm,4.666666666666667,4.666666666666667,1.3333333333333333,5.0,4.0,4.0
263,Male,26-35 Years,Single,MBA/M.Sc.,Manufacturing Firm,5.0,4.666666666666667,1.0,4.666666666666667,4.0,4.0
264,Male,16-25 Years,Married,MBA/M.Sc.,Service Firm,5.0,5.0,1.3333333333333333,4.666666666666667,3.3333333333333335,4.666666666666667
265,Female,16-25 Years,Married,SSCE,Service Firm,4.0,5.0,2.0,4.0,4.666666666666667,3.6666666666666665
266,Female,46 Years above,Married,OND/NCE,Manufacturing Firm,4.333333333333333,5.0,4.333333333333333,5.0,4.333333333333333,4.0
267,Female,26-35 Years,Single,SSCE,Service Firm,4.0,5.0,3.0,4.666666666666667,4.0,3.6666666666666665
268,Male,36-45 Years,Single,SSCE,Service Firm,4.666666666666667,4.666666666666667,3.333333333333333,4.666666666666667,3.6666666666666665,3.6666666666666665
269,Male,26-35 Years,Single,HND/B.Sc.,Manufacturing Firm,5.0,4.666666666666667,1.0,4.0,4.333333333333333,3.6666666666666665
270,Female,46 Years above,Married,SSCE,Wholesale & Retail,5.0,4.666666666666667,3.0,5.0,3.3333333333333335,4.0
271,Male,36-45 Years,Married,SSCE,Manufacturing Firm,4.333333333333333,4.666666666666667,3.333333333333333,5.0,4.0,4.666666666666667
272,Female,36-45 Years,Married,MBA/M.Sc.,Wholesale & Retail,4.0,4.0,2.333333333333333,4.0,4.333333333333333,5.0
273,Male,16-25 Years,Single,SSCE,Service Firm,4.666666666666667,5.0,2.6666666666666665,4.0,4.333333333333333,4.666666666666667
274,Female,46 Years above,Married,SSCE,Wholesale & Retail,5.0,5.0,1.0,5.0,4.666666666666667,4.0
275,Male,16-25 Years,Single,MBA/M.Sc.,Manufacturing Firm,4.333333333333333,4.666666666666667,2.0,4.0,3.6666666666666665,4.333333333333333
276,Female,16-25 Years,Single,SSCE,Service Firm,4.666666666666667,4.666666666666667,1.3333333333333333,4.666666666666667,3.6666666666666665,5.0
277,Female,16-25 Years,Single,HND/B.Sc.,Wholesale & Retail,5.0,4.666666666666667,3.333333333333333,4.666666666666667,4.0,4.666666666666667
278,Female,16-25 Years,Single,SSCE,Service Firm,4.333333333333333,3.6666666666666665,2.6666666666666665,4.666666666666667,4.333333333333333,3.6666666666666665
279,Male,16-25 Years,Single,SSCE,Service Firm,4.666666666666667,5.0,2.6666666666666665,5.0,4.0,4.666666666666667
280,Female,16-25 Years,Single,HND/B.Sc.,Wholesale & Retail,4.666666666666667,4.666666666666667,2.0,4.666666666666667,4.666666666666667,4.666666666666667
281,Male,26-35 Years,Married,SSCE,Wholesale & Retail,5.0,4.0,2.333333333333333,4.0,4.333333333333333,3.6666666666666665
282,Male,26-35 Years,Single,OND/NCE,Service Firm,5.0,4.0,2.0,4.666666666666667,4.666666666666667,4.0
283,Female,46 Years above,Married,HND/B.Sc.,Manufacturing Firm,5.0,5.0,2.333333333333333,4.666666666666667,3.6666666666666665,3.6666666666666665
284,Female,16-25 Years,Single,SSCE,Wholesale & Retail,5.0,4.333333333333333,1.3333333333333333,4.666666666666667,4.0,3.6666666666666665
285,Male,16-25 Years,Married,MBA/M.Sc.,Manufacturing Firm,4.0,5.0,2.0,4.666666666666667,4.0,3.6666666666666665
286,Male,36-45 Years,Married,HND/B.Sc.,Manufacturing Firm,4.666666666666667,4.666666666666667,2.6666666666666665,4.333333333333333,4.0,4.0
287,Female,46 Years above,Married,OND/NCE,Manufacturing Firm,4.0,4.666666666666667,2.0,5.0,4.666666666666667,5.0
288,Male,36-45 Years,Married,SSCE,Service Firm,4.666666666666667,4.666666666666667,2.0,4.0,4.0,3.3333333333333335
289,Female,36-45 Years,Married,SSCE,Service Firm,4.0,5.0,2.0,4.0,3.3333333333333335,3.3333333333333335
290,Male,16-25 Years,Single,OND/NCE,Manufacturing Firm,4.0,4.666666666666667,2.6666666666666665,5.0,4.0,3.3333333333333335
291,Male,26-35 Years,Single,HND/B.Sc.,Wholesale & Retail,4.666666666666667,3.6666666666666665,2.6666666666666665,4.666666666666667,5.0,4.666666666666667
292,Male,16-25 Years,Single,SSCE,Service Firm,5.0,4.666666666666667,2.0,5.0,4.0,3.6666666666666665
293,Female,46 Years above,Single,HND/B.Sc.,Wholesale & Retail,5.0,4.0,1.6666666666666667,4.666666666666667,4.666666666666667,4.0
294,Male,36-45 Years,Married,SSCE,Manufacturing Firm,4.0,4.666666666666667,3.0,4.666666666666667,4.0,3.0
295,Female,16-25 Years,Single,SSCE,Manufacturing Firm,4.0,4.666666666666667,1.3333333333333333,4.0,4.666666666666667,4.666666666666667
296,Male,16-25 Years,Married,HND/B.Sc.,Manufacturing Firm,4.0,5.0,2.0,4.333333333333333,3.6666666666666665,3.3333333333333335
297,Female,16-25 Years,Single,OND/NCE,Service Firm,4.0,5.0,2.6666666666666665,4.0,4.0,4.0
298,Female,26-35 Years,Single,SSCE,Wholesale & Retail,4.0,4.666666666666667,2.0,4.666666666666667,3.6666666666666665,4.0
299,Female,46 Years above,Married,MBA/M.Sc.,Service Firm,5.0,5.0,1.0,4.666666666666667,3.6666666666666665,3.6666666666666665
300,Male,46 Years above,Married,Ph.D.,Manufacturing Firm,4.0,5.0,3.333333333333333,4.333333333333333,4.0,3.3333333333333335
301,Female,26-35 Years,Married,SSCE,Wholesale & Retail,4.666666666666667,3.333333333333333,2.333333333333333,4.333333333333333,4.0,4.666666666666667
302,Female,36-45 Years,Married,OND/NCE,Wholesale & Retail,4.666666666666667,4.666666666666667,2.6666666666666665,4.666666666666667,3.3333333333333335,4.333333333333333
303,Female,16-25 Years,Single,SSCE,Wholesale & Retail,4.333333333333333,4.666666666666667,2.6666666666666665,4.0,3.6666666666666665,3.6666666666666665
304,Male,16-25 Years,Married,SSCE,Service Firm,3.6666666666666665,5.0,2.333333333333333,4.333333333333333,2.6666666666666665,4.0
305,Male,36-45 Years,Married,HND/B.Sc.,Manufacturing Firm,4.0,5.0,5.0,4.0,3.3333333333333335,3.6666666666666665
306,Male,16-25 Years,Single,SSCE,Wholesale & Retail,4.0,4.0,3.0,4.0,3.6666666666666665,3.0
307,Female,36-45 Years,Married,MBA/M.Sc.,Service Firm,4.333333333333333,4.666666666666667,2.6666666666666665,5.0,3.6666666666666665,4.666666666666667
308,Female,36-45 Years,Married,OND/NCE,Service Firm,5.0,4.666666666666667,2.0,5.0,4.0,4.0
309,Female,26-35 Years,Married,Ph.D.,Manufacturing Firm,4.0,4.666666666666667,4.666666666666667,5.0,2.6666666666666665,3.3333333333333335
310,Male,46 Years above,Widowed,Ph.D.,Service Firm,5.0,4.666666666666667,4.0,5.0,2.6666666666666665,4.333333333333333
311,Female,16-25 Years,Single,HND/B.Sc.,Manufacturing Firm,3.6666666666666665,3.6666666666666665,3.0,4.333333333333333,2.3333333333333335,4.333333333333333
312,Male,26-35 Years,Single,MBA/M.Sc.,Manufacturing Firm,4.0,5.0,4.0,4.0,4.0,3.3333333333333335
313,Male,16-25 Years,Single,HND/B.Sc.,Service Firm,4.333333333333333,4.666666666666667,4.666666666666667,3.0,3.3333333333333335,3.6666666666666665
314,Female,36-45 Years,Divorced,MBA/M.Sc.,Wholesale & Retail,2.6666666666666665,4.0,4.0,4.0,3.6666666666666665,4.0
315,Female,26-35 Years,Married,OND/NCE,Service Firm,5.0,5.0,4.0,4.0,3.3333333333333335,3.3333333333333335
316,Female,26-35 Years,Single,HND/B.Sc.,Service Firm,4.333333333333333,4.333333333333333,2.0,4.0,4.666666666666667,3.6666666666666665
317,Male,36-45 Years,Married,MBA/M.Sc.,Wholesale & Retail,4.0,4.333333333333333,3.6666666666666665,4.666666666666667,2.0,2.3333333333333335
318,Female,16-25 Years,Single,HND/B.Sc.,Service Firm,4.333333333333333,4.333333333333333,4.0,4.666666666666667,3.6666666666666665,3.3333333333333335
319,Female,16-25 Years,Single,HND/B.Sc.,Wholesale & Retail,4.333333333333333,5.0,4.333333333333333,3.0,3.3333333333333335,2.0
320,Female,26-35 Years,Married,SSCE,Service Firm,4.0,4.666666666666667,4.0,4.333333333333333,2.6666666666666665,3.0
321,Female,36-45 Years,Divorced,HND/B.Sc.,Service Firm,5.0,5.0,5.0,5.0,3.0,4.0
322,Male,26-35 Years,Married,HND/B.Sc.,Service Firm,4.666666666666667,5.0,4.333333333333333,5.0,3.3333333333333335,3.3333333333333335
323,Female,36-45 Years,Widowed,MBA/M.Sc.,Wholesale & Retail,4.333333333333333,4.666666666666667,4.666666666666667,4.666666666666667,3.6666666666666665,3.6666666666666665
324,Male,26-35 Years,Single,Ph.D.,Manufacturing Firm,4.666666666666667,4.333333333333333,5.0,4.0,4.0,4.0
